[{"model": "admin.logentry", "pk": 1, "fields": {"action_time": "2024-01-25T06:47:51.424Z", "user": 1, "content_type": 8, "object_id": "1", "object_repr": "test", "action_flag": 1, "change_message": "[{\"added\": {}}]"}}, {"model": "admin.logentry", "pk": 2, "fields": {"action_time": "2024-01-25T06:51:37.691Z", "user": 1, "content_type": 8, "object_id": "1", "object_repr": "test", "action_flag": 3, "change_message": ""}}, {"model": "admin.logentry", "pk": 3, "fields": {"action_time": "2024-01-25T07:09:54.023Z", "user": 1, "content_type": 8, "object_id": "2", "object_repr": "BeautyCity Пушкинская", "action_flag": 1, "change_message": "[{\"added\": {}}]"}}, {"model": "admin.logentry", "pk": 4, "fields": {"action_time": "2024-01-25T07:12:35.328Z", "user": 1, "content_type": 8, "object_id": "3", "object_repr": "BeautyCity Ленина", "action_flag": 1, "change_message": "[{\"added\": {}}]"}}, {"model": "admin.logentry", "pk": 5, "fields": {"action_time": "2024-01-25T07:13:32.993Z", "user": 1, "content_type": 8, "object_id": "4", "object_repr": "BeautyCity Красная", "action_flag": 1, "change_message": "[{\"added\": {}}]"}}, {"model": "admin.logentry", "pk": 6, "fields": {"action_time": "2024-01-25T07:15:33.431Z", "user": 1, "content_type": 9, "object_id": "1", "object_repr": "Окрашивание волос", "action_flag": 1, "change_message": "[{\"added\": {}}]"}}, {"model": "admin.logentry", "pk": 7, "fields": {"action_time": "2024-01-25T07:15:59.804Z", "user": 1, "content_type": 9, "object_id": "2", "object_repr": "Укладка волос", "action_flag": 1, "change_message": "[{\"added\": {}}]"}}, {"model": "admin.logentry", "pk": 8, "fields": {"action_time": "2024-01-25T07:16:37.004Z", "user": 1, "content_type": 9, "object_id": "3", "object_repr": "Маникюр. Классический", "action_flag": 1, "change_message": "[{\"added\": {}}]"}}, {"model": "admin.logentry", "pk": 9, "fields": {"action_time": "2024-01-25T07:16:41.415Z", "user": 1, "content_type": 9, "object_id": "3", "object_repr": "Маникюр. Классический", "action_flag": 2, "change_message": "[]"}}, {"model": "admin.logentry", "pk": 10, "fields": {"action_time": "2024-01-25T07:17:08.578Z", "user": 1, "content_type": 9, "object_id": "4", "object_repr": "Педикюр", "action_flag": 1, "change_message": "[{\"added\": {}}]"}}, {"model": "admin.logentry", "pk": 11, "fields": {"action_time": "2024-01-25T07:17:28.625Z", "user": 1, "content_type": 9, "object_id": "5", "object_repr": "Наращивание ногтей", "action_flag": 1, "change_message": "[{\"added\": {}}]"}}, {"model": "admin.logentry", "pk": 12, "fields": {"action_time": "2024-01-25T07:17:57.894Z", "user": 1, "content_type": 9, "object_id": "6", "object_repr": "Дневной макияж", "action_flag": 1, "change_message": "[{\"added\": {}}]"}}, {"model": "admin.logentry", "pk": 13, "fields": {"action_time": "2024-01-25T07:18:22.234Z", "user": 1, "content_type": 9, "object_id": "7", "object_repr": "Свадебный макияж", "action_flag": 1, "change_message": "[{\"added\": {}}]"}}, {"model": "admin.logentry", "pk": 14, "fields": {"action_time": "2024-01-25T07:18:39.266Z", "user": 1, "content_type": 9, "object_id": "8", "object_repr": "Вечерний макияж", "action_flag": 1, "change_message": "[{\"added\": {}}]"}}, {"model": "admin.logentry", "pk": 15, "fields": {"action_time": "2024-01-25T07:39:33.386Z", "user": 1, "content_type": 10, "object_id": "1", "object_repr": "Елизавета Лапина", "action_flag": 1, "change_message": "[{\"added\": {}}]"}}, {"model": "admin.logentry", "pk": 16, "fields": {"action_time": "2024-01-25T07:39:58.206Z", "user": 1, "content_type": 10, "object_id": "2", "object_repr": "Анна Сергеева", "action_flag": 1, "change_message": "[{\"added\": {}}]"}}, {"model": "admin.logentry", "pk": 17, "fields": {"action_time": "2024-01-25T07:43:18.375Z", "user": 1, "content_type": 10, "object_id": "3", "object_repr": "Мария Суворова", "action_flag": 1, "change_message": "[{\"added\": {}}]"}}, {"model": "admin.logentry", "pk": 18, "fields": {"action_time": "2024-01-25T07:43:40.325Z", "user": 1, "content_type": 10, "object_id": "4", "object_repr": "Мария Максимова", "action_flag": 1, "change_message": "[{\"added\": {}}]"}}, {"model": "admin.logentry", "pk": 19, "fields": {"action_time": "2024-01-25T07:44:07.298Z", "user": 1, "content_type": 10, "object_id": "5", "object_repr": "Анастасия Сергеева", "action_flag": 1, "change_message": "[{\"added\": {}}]"}}, {"model": "admin.logentry", "pk": 20, "fields": {"action_time": "2024-01-25T07:45:32.891Z", "user": 1, "content_type": 10, "object_id": "6", "object_repr": "Ева Колесова", "action_flag": 1, "change_message": "[{\"added\": {}}]"}}, {"model": "admin.logentry", "pk": 21, "fields": {"action_time": "2024-01-25T07:48:49.535Z", "user": 1, "content_type": 12, "object_id": "1", "object_repr": "BeautyCity Пушкинская, Елизавета Лапина - 2024-02-01/11:00:00", "action_flag": 1, "change_message": "[{\"added\": {}}]"}}, {"model": "admin.logentry", "pk": 22, "fields": {"action_time": "2024-01-25T07:49:04.242Z", "user": 1, "content_type": 12, "object_id": "2", "object_repr": "BeautyCity Пушкинская, Елизавета Лапина - 2024-02-01/13:00:00", "action_flag": 1, "change_message": "[{\"added\": {}}]"}}, {"model": "admin.logentry", "pk": 23, "fields": {"action_time": "2024-01-25T07:49:15.589Z", "user": 1, "content_type": 12, "object_id": "3", "object_repr": "BeautyCity Пушкинская, Елизавета Лапина - 2024-02-01/14:00:00", "action_flag": 1, "change_message": "[{\"added\": {}}]"}}, {"model": "admin.logentry", "pk": 24, "fields": {"action_time": "2024-01-25T07:49:24.850Z", "user": 1, "content_type": 12, "object_id": "4", "object_repr": "BeautyCity Пушкинская, Анна Сергеева - 2024-02-01/10:00:00", "action_flag": 1, "change_message": "[{\"added\": {}}]"}}, {"model": "admin.logentry", "pk": 25, "fields": {"action_time": "2024-01-25T07:49:32.091Z", "user": 1, "content_type": 12, "object_id": "5", "object_repr": "BeautyCity Пушкинская, Анна Сергеева - 2024-02-01/11:00:00", "action_flag": 1, "change_message": "[{\"added\": {}}]"}}, {"model": "admin.logentry", "pk": 26, "fields": {"action_time": "2024-01-25T07:49:41.100Z", "user": 1, "content_type": 12, "object_id": "6", "object_repr": "BeautyCity Пушкинская, Анна Сергеева - 2024-02-01/12:00:00", "action_flag": 1, "change_message": "[{\"added\": {}}]"}}, {"model": "admin.logentry", "pk": 27, "fields": {"action_time": "2024-01-25T07:50:05.506Z", "user": 1, "content_type": 12, "object_id": "7", "object_repr": "BeautyCity Ленина, Ева Колесова - 2024-02-03/11:00:00", "action_flag": 1, "change_message": "[{\"added\": {}}]"}}, {"model": "admin.logentry", "pk": 28, "fields": {"action_time": "2024-01-25T07:50:15.880Z", "user": 1, "content_type": 12, "object_id": "8", "object_repr": "BeautyCity Ленина, Ева Колесова - 2024-02-03/15:00:00", "action_flag": 1, "change_message": "[{\"added\": {}}]"}}, {"model": "admin.logentry", "pk": 29, "fields": {"action_time": "2024-01-25T07:50:33.718Z", "user": 1, "content_type": 12, "object_id": "9", "object_repr": "BeautyCity Ленина, Ева Колесова - 2024-02-03/17:00:00", "action_flag": 1, "change_message": "[{\"added\": {}}]"}}, {"model": "admin.logentry", "pk": 30, "fields": {"action_time": "2024-01-25T07:50:41.701Z", "user": 1, "content_type": 12, "object_id": "10", "object_repr": "BeautyCity Ленина, Ева Колесова - 2024-02-03/18:00:00", "action_flag": 1, "change_message": "[{\"added\": {}}]"}}, {"model": "admin.logentry", "pk": 31, "fields": {"action_time": "2024-01-25T07:50:55.795Z", "user": 1, "content_type": 12, "object_id": "11", "object_repr": "BeautyCity Ленина, Мария Суворова - 2024-02-03/11:00:00", "action_flag": 1, "change_message": "[{\"added\": {}}]"}}, {"model": "admin.logentry", "pk": 32, "fields": {"action_time": "2024-01-25T07:51:04.784Z", "user": 1, "content_type": 12, "object_id": "12", "object_repr": "BeautyCity Ленина, Мария Суворова - 2024-02-03/12:00:00", "action_flag": 1, "change_message": "[{\"added\": {}}]"}}, {"model": "admin.logentry", "pk": 33, "fields": {"action_time": "2024-01-25T07:51:26.220Z", "user": 1, "content_type": 12, "object_id": "13", "object_repr": "BeautyCity Ленина, Мария Суворова - 2024-02-03/13:00:00", "action_flag": 1, "change_message": "[{\"added\": {}}]"}}, {"model": "admin.logentry", "pk": 34, "fields": {"action_time": "2024-01-25T07:51:44.760Z", "user": 1, "content_type": 12, "object_id": "14", "object_repr": "BeautyCity Красная, Анастасия Сергеева - 2024-02-04/10:00:00", "action_flag": 1, "change_message": "[{\"added\": {}}]"}}, {"model": "admin.logentry", "pk": 35, "fields": {"action_time": "2024-01-25T07:51:52.242Z", "user": 1, "content_type": 12, "object_id": "15", "object_repr": "BeautyCity Красная, Анастасия Сергеева - 2024-02-04/11:00:00", "action_flag": 1, "change_message": "[{\"added\": {}}]"}}, {"model": "admin.logentry", "pk": 36, "fields": {"action_time": "2024-01-25T07:51:59.616Z", "user": 1, "content_type": 12, "object_id": "16", "object_repr": "BeautyCity Красная, Анастасия Сергеева - 2024-02-04/12:00:00", "action_flag": 1, "change_message": "[{\"added\": {}}]"}}, {"model": "admin.logentry", "pk": 37, "fields": {"action_time": "2024-01-25T07:52:19.068Z", "user": 1, "content_type": 12, "object_id": "17", "object_repr": "BeautyCity Красная, Елизавета Лапина - 2024-02-04/14:00:00", "action_flag": 1, "change_message": "[{\"added\": {}}]"}}, {"model": "admin.logentry", "pk": 38, "fields": {"action_time": "2024-01-25T07:52:43.567Z", "user": 1, "content_type": 12, "object_id": "18", "object_repr": "BeautyCity Красная, Елизавета Лапина - 2024-02-04/16:00:00", "action_flag": 1, "change_message": "[{\"added\": {}}]"}}, {"model": "admin.logentry", "pk": 39, "fields": {"action_time": "2024-01-25T07:53:24.288Z", "user": 1, "content_type": 12, "object_id": "19", "object_repr": "BeautyCity Пушкинская, Анна Сергеева - 2024-02-05/11:00:00", "action_flag": 1, "change_message": "[{\"added\": {}}]"}}, {"model": "admin.logentry", "pk": 40, "fields": {"action_time": "2024-01-25T07:53:32.978Z", "user": 1, "content_type": 12, "object_id": "20", "object_repr": "BeautyCity Пушкинская, Анна Сергеева - 2024-02-05/14:00:00", "action_flag": 1, "change_message": "[{\"added\": {}}]"}}, {"model": "admin.logentry", "pk": 41, "fields": {"action_time": "2024-01-25T07:53:40.638Z", "user": 1, "content_type": 12, "object_id": "21", "object_repr": "BeautyCity Пушкинская, Анна Сергеева - 2024-02-04/17:00:00", "action_flag": 1, "change_message": "[{\"added\": {}}]"}}, {"model": "admin.logentry", "pk": 42, "fields": {"action_time": "2024-01-25T07:53:53.339Z", "user": 1, "content_type": 12, "object_id": "22", "object_repr": "BeautyCity Пушкинская, Анастасия Сергеева - 2024-02-05/12:00:00", "action_flag": 1, "change_message": "[{\"added\": {}}]"}}, {"model": "admin.logentry", "pk": 43, "fields": {"action_time": "2024-01-25T07:54:02.857Z", "user": 1, "content_type": 12, "object_id": "23", "object_repr": "BeautyCity Пушкинская, Мария Максимова - 2024-02-05/13:00:00", "action_flag": 1, "change_message": "[{\"added\": {}}]"}}, {"model": "admin.logentry", "pk": 44, "fields": {"action_time": "2024-01-25T07:54:11.976Z", "user": 1, "content_type": 12, "object_id": "24", "object_repr": "BeautyCity Пушкинская, Ева Колесова - 2024-02-05/18:00:00", "action_flag": 1, "change_message": "[{\"added\": {}}]"}}, {"model": "admin.logentry", "pk": 45, "fields": {"action_time": "2024-01-25T07:54:26.117Z", "user": 1, "content_type": 12, "object_id": "25", "object_repr": "BeautyCity Ленина, Елизавета Лапина - 2024-02-06/10:00:00", "action_flag": 1, "change_message": "[{\"added\": {}}]"}}, {"model": "admin.logentry", "pk": 46, "fields": {"action_time": "2024-01-25T07:54:40.046Z", "user": 1, "content_type": 12, "object_id": "26", "object_repr": "BeautyCity Ленина, Елизавета Лапина - 2024-02-06/14:00:00", "action_flag": 1, "change_message": "[{\"added\": {}}]"}}, {"model": "admin.logentry", "pk": 47, "fields": {"action_time": "2024-01-25T07:54:47.596Z", "user": 1, "content_type": 12, "object_id": "27", "object_repr": "BeautyCity Ленина, Елизавета Лапина - 2024-02-06/17:00:00", "action_flag": 1, "change_message": "[{\"added\": {}}]"}}, {"model": "admin.logentry", "pk": 48, "fields": {"action_time": "2024-01-25T07:55:01.392Z", "user": 1, "content_type": 12, "object_id": "28", "object_repr": "BeautyCity Ленина, Анастасия Сергеева - 2024-02-06/12:00:00", "action_flag": 1, "change_message": "[{\"added\": {}}]"}}, {"model": "admin.logentry", "pk": 49, "fields": {"action_time": "2024-01-25T07:55:09.606Z", "user": 1, "content_type": 12, "object_id": "29", "object_repr": "BeautyCity Ленина, Анастасия Сергеева - 2024-02-06/13:00:00", "action_flag": 1, "change_message": "[{\"added\": {}}]"}}, {"model": "admin.logentry", "pk": 50, "fields": {"action_time": "2024-01-25T07:55:22.061Z", "user": 1, "content_type": 12, "object_id": "30", "object_repr": "BeautyCity Ленина, Анастасия Сергеева - 2024-02-06/14:00:00", "action_flag": 1, "change_message": "[{\"added\": {}}]"}}, {"model": "admin.logentry", "pk": 51, "fields": {"action_time": "2024-01-25T07:55:40.562Z", "user": 1, "content_type": 12, "object_id": "31", "object_repr": "BeautyCity Красная, Мария Суворова - 2024-02-09/10:00:00", "action_flag": 1, "change_message": "[{\"added\": {}}]"}}, {"model": "admin.logentry", "pk": 52, "fields": {"action_time": "2024-01-25T07:56:20.723Z", "user": 1, "content_type": 12, "object_id": "32", "object_repr": "BeautyCity Красная, Мария Суворова - 2024-02-09/17:00:00", "action_flag": 1, "change_message": "[{\"added\": {}}]"}}, {"model": "admin.logentry", "pk": 53, "fields": {"action_time": "2024-01-25T07:56:27.768Z", "user": 1, "content_type": 12, "object_id": "33", "object_repr": "BeautyCity Красная, Мария Суворова - 2024-02-09/18:00:00", "action_flag": 1, "change_message": "[{\"added\": {}}]"}}, {"model": "admin.logentry", "pk": 54, "fields": {"action_time": "2024-01-25T07:56:38.763Z", "user": 1, "content_type": 12, "object_id": "34", "object_repr": "BeautyCity Красная, Ева Колесова - 2024-02-09/12:00:00", "action_flag": 1, "change_message": "[{\"added\": {}}]"}}, {"model": "admin.logentry", "pk": 55, "fields": {"action_time": "2024-01-25T07:56:52.347Z", "user": 1, "content_type": 12, "object_id": "35", "object_repr": "BeautyCity Пушкинская, Ева Колесова - 2024-02-09/15:00:00", "action_flag": 1, "change_message": "[{\"added\": {}}]"}}, {"model": "admin.logentry", "pk": 56, "fields": {"action_time": "2024-01-25T07:57:01.387Z", "user": 1, "content_type": 12, "object_id": "36", "object_repr": "BeautyCity Пушкинская, Ева Колесова - 2024-02-09/16:00:00", "action_flag": 1, "change_message": "[{\"added\": {}}]"}}, {"model": "admin.logentry", "pk": 57, "fields": {"action_time": "2024-01-25T07:57:11.092Z", "user": 1, "content_type": 12, "object_id": "37", "object_repr": "BeautyCity Ленина, Мария Максимова - 2024-02-09/10:00:00", "action_flag": 1, "change_message": "[{\"added\": {}}]"}}, {"model": "auth.permission", "pk": 1, "fields": {"name": "Can add log entry", "content_type": 1, "codename": "add_logentry"}}, {"model": "auth.permission", "pk": 2, "fields": {"name": "Can change log entry", "content_type": 1, "codename": "change_logentry"}}, {"model": "auth.permission", "pk": 3, "fields": {"name": "Can delete log entry", "content_type": 1, "codename": "delete_logentry"}}, {"model": "auth.permission", "pk": 4, "fields": {"name": "Can view log entry", "content_type": 1, "codename": "view_logentry"}}, {"model": "auth.permission", "pk": 5, "fields": {"name": "Can add permission", "content_type": 2, "codename": "add_permission"}}, {"model": "auth.permission", "pk": 6, "fields": {"name": "Can change permission", "content_type": 2, "codename": "change_permission"}}, {"model": "auth.permission", "pk": 7, "fields": {"name": "Can delete permission", "content_type": 2, "codename": "delete_permission"}}, {"model": "auth.permission", "pk": 8, "fields": {"name": "Can view permission", "content_type": 2, "codename": "view_permission"}}, {"model": "auth.permission", "pk": 9, "fields": {"name": "Can add group", "content_type": 3, "codename": "add_group"}}, {"model": "auth.permission", "pk": 10, "fields": {"name": "Can change group", "content_type": 3, "codename": "change_group"}}, {"model": "auth.permission", "pk": 11, "fields": {"name": "Can delete group", "content_type": 3, "codename": "delete_group"}}, {"model": "auth.permission", "pk": 12, "fields": {"name": "Can view group", "content_type": 3, "codename": "view_group"}}, {"model": "auth.permission", "pk": 13, "fields": {"name": "Can add user", "content_type": 4, "codename": "add_user"}}, {"model": "auth.permission", "pk": 14, "fields": {"name": "Can change user", "content_type": 4, "codename": "change_user"}}, {"model": "auth.permission", "pk": 15, "fields": {"name": "Can delete user", "content_type": 4, "codename": "delete_user"}}, {"model": "auth.permission", "pk": 16, "fields": {"name": "Can view user", "content_type": 4, "codename": "view_user"}}, {"model": "auth.permission", "pk": 17, "fields": {"name": "Can add content type", "content_type": 5, "codename": "add_contenttype"}}, {"model": "auth.permission", "pk": 18, "fields": {"name": "Can change content type", "content_type": 5, "codename": "change_contenttype"}}, {"model": "auth.permission", "pk": 19, "fields": {"name": "Can delete content type", "content_type": 5, "codename": "delete_contenttype"}}, {"model": "auth.permission", "pk": 20, "fields": {"name": "Can view content type", "content_type": 5, "codename": "view_contenttype"}}, {"model": "auth.permission", "pk": 21, "fields": {"name": "Can add session", "content_type": 6, "codename": "add_session"}}, {"model": "auth.permission", "pk": 22, "fields": {"name": "Can change session", "content_type": 6, "codename": "change_session"}}, {"model": "auth.permission", "pk": 23, "fields": {"name": "Can delete session", "content_type": 6, "codename": "delete_session"}}, {"model": "auth.permission", "pk": 24, "fields": {"name": "Can view session", "content_type": 6, "codename": "view_session"}}, {"model": "auth.permission", "pk": 25, "fields": {"name": "Can add клиент", "content_type": 7, "codename": "add_client"}}, {"model": "auth.permission", "pk": 26, "fields": {"name": "Can change клиент", "content_type": 7, "codename": "change_client"}}, {"model": "auth.permission", "pk": 27, "fields": {"name": "Can delete клиент", "content_type": 7, "codename": "delete_client"}}, {"model": "auth.permission", "pk": 28, "fields": {"name": "Can view клиент", "content_type": 7, "codename": "view_client"}}, {"model": "auth.permission", "pk": 29, "fields": {"name": "Can add салон", "content_type": 8, "codename": "add_shop"}}, {"model": "auth.permission", "pk": 30, "fields": {"name": "Can change салон", "content_type": 8, "codename": "change_shop"}}, {"model": "auth.permission", "pk": 31, "fields": {"name": "Can delete салон", "content_type": 8, "codename": "delete_shop"}}, {"model": "auth.permission", "pk": 32, "fields": {"name": "Can view салон", "content_type": 8, "codename": "view_shop"}}, {"model": "auth.permission", "pk": 33, "fields": {"name": "Can add услуга", "content_type": 9, "codename": "add_service"}}, {"model": "auth.permission", "pk": 34, "fields": {"name": "Can change услуга", "content_type": 9, "codename": "change_service"}}, {"model": "auth.permission", "pk": 35, "fields": {"name": "Can delete услуга", "content_type": 9, "codename": "delete_service"}}, {"model": "auth.permission", "pk": 36, "fields": {"name": "Can view услуга", "content_type": 9, "codename": "view_service"}}, {"model": "auth.permission", "pk": 37, "fields": {"name": "Can add специалист", "content_type": 10, "codename": "add_specialist"}}, {"model": "auth.permission", "pk": 38, "fields": {"name": "Can change специалист", "content_type": 10, "codename": "change_specialist"}}, {"model": "auth.permission", "pk": 39, "fields": {"name": "Can delete специалист", "content_type": 10, "codename": "delete_specialist"}}, {"model": "auth.permission", "pk": 40, "fields": {"name": "Can view специалист", "content_type": 10, "codename": "view_specialist"}}, {"model": "auth.permission", "pk": 41, "fields": {"name": "Can add отзыв", "content_type": 11, "codename": "add_review"}}, {"model": "auth.permission", "pk": 42, "fields": {"name": "Can change отзыв", "content_type": 11, "codename": "change_review"}}, {"model": "auth.permission", "pk": 43, "fields": {"name": "Can delete отзыв", "content_type": 11, "codename": "delete_review"}}, {"model": "auth.permission", "pk": 44, "fields": {"name": "Can view отзыв", "content_type": 11, "codename": "view_review"}}, {"model": "auth.permission", "pk": 45, "fields": {"name": "Can add временной слот", "content_type": 12, "codename": "add_timeslot"}}, {"model": "auth.permission", "pk": 46, "fields": {"name": "Can change временной слот", "content_type": 12, "codename": "change_timeslot"}}, {"model": "auth.permission", "pk": 47, "fields": {"name": "Can delete временной слот", "content_type": 12, "codename": "delete_timeslot"}}, {"model": "auth.permission", "pk": 48, "fields": {"name": "Can view временной слот", "content_type": 12, "codename": "view_timeslot"}}, {"model": "auth.permission", "pk": 49, "fields": {"name": "Can add запись", "content_type": 13, "codename": "add_appointment"}}, {"model": "auth.permission", "pk": 50, "fields": {"name": "Can change запись", "content_type": 13, "codename": "change_appointment"}}, {"model": "auth.permission", "pk": 51, "fields": {"name": "Can delete запись", "content_type": 13, "codename": "delete_appointment"}}, {"model": "auth.permission", "pk": 52, "fields": {"name": "Can view запись", "content_type": 13, "codename": "view_appointment"}}, {"model": "auth.user", "pk": 1, "fields": {"password": "pbkdf2_sha256$720000$dzhRtvk0SWRhrINrCVOJXi$RFz3VlBOTZMvEGb4cQPw276LmKh5xz3i3dgAD2Cs/Q0=", "last_login": "2024-01-25T14:52:10.403Z", "is_superuser": true, "username": "admin", "first_name": "", "last_name": "", "email": "", "is_staff": true, "is_active": true, "date_joined": "2024-01-25T06:38:02.013Z", "groups": [], "user_permissions": []}}, {"model": "sessions.session", "pk": "cypchd4ekdu6uc47aketdkei3lvc0x8h", "fields": {"session_data": ".eJxVjEEOwiAQRe_C2pBBCgMu3fcMZGCoVA0kpV0Z765NutDtf-_9lwi0rSVsPS9hZnERSpx-t0jpkesO-E711mRqdV3mKHdFHrTLsXF-Xg_376BQL98aGMnj4K1WxmkkDVPUNuUIk1GRMCkzZAAwOTJaduSsJ-vMWTEbJBLvD82lN5w:1rStQb:Dzg5WJ1Bc_-0VcJdPcUDoHYEWVUGjiGUpMbyStS48yE", "expire_date": "2024-02-08T06:41:33.654Z"}}, {"model": "sessions.session", "pk": "jws0llhc3qg3h4xmgm54wny5sorsy2xw", "fields": {"session_data": ".eJxVjMsOwiAQAP-FsyFAXR4evfsNZBe2UjWQlPZk_HdD0oNeZybzFhH3rcS98xqXLC5Ci9MvI0xPrkPkB9Z7k6nVbV1IjkQetstby_y6Hu3foGAvY5tRo540nxNx8kBsCZLKgGqyiOxJaes8gOXgAsM86WAMo3HO42xYfL75ajgp:1rT15O:oYKia0ezVmQ8hjfuSA029j7a5TZazxvaGnTUf66yngU", "expire_date": "2024-02-08T14:52:10.406Z"}}, {"model": "beauty_city_app.shop", "pk": 2, "fields": {"name": "BeautyCity Пушкинская", "address": "ул. Пушкинская, д. 78А", "phone": "+79173378798", "image": "shop_images/salon1.png"}}, {"model": "beauty_city_app.shop", "pk": 3, "fields": {"name": "BeautyCity Ленина", "address": "ул. Ленина, д. 211", "phone": "+79187068335", "image": ""}}, {"model": "beauty_city_app.shop", "pk": 4, "fields": {"name": "BeautyCity Красная", "address": "ул. Красная, д. 10", "phone": "+79186594230", "image": "shop_images/salon3.png"}}, {"model": "beauty_city_app.service", "pk": 1, "fields": {"name": "Окрашивание волос", "service_type": "HS", "price": 5000, "is_archived": false, "shop": [2, 3, 4]}}, {"model": "beauty_city_app.service", "pk": 2, "fields": {"name": "Укладка волос", "service_type": "HS", "price": 1500, "is_archived": false, "shop": [2, 4]}}, {"model": "beauty_city_app.service", "pk": 3, "fields": {"name": "Маникюр. Классический", "service_type": "NS", "price": 1400, "is_archived": false, "shop": [2, 3, 4]}}, {"model": "beauty_city_app.service", "pk": 4, "fields": {"name": "Педикюр", "service_type": "NS", "price": 1400, "is_archived": false, "shop": [2, 3, 4]}}, {"model": "beauty_city_app.service", "pk": 5, "fields": {"name": "Наращивание ногтей", "service_type": "NS", "price": 1400, "is_archived": false, "shop": [4]}}, {"model": "beauty_city_app.service", "pk": 6, "fields": {"name": "Дневной макияж", "service_type": "MU", "price": 1400, "is_archived": false, "shop": [2, 3]}}, {"model": "beauty_city_app.service", "pk": 7, "fields": {"name": "Свадебный макияж", "service_type": "MU", "price": 3000, "is_archived": false, "shop": [3, 4]}}, {"model": "beauty_city_app.service", "pk": 8, "fields": {"name": "Вечерний макияж", "service_type": "MU", "price": 2000, "is_archived": false, "shop": [2, 3, 4]}}, {"model": "beauty_city_app.specialist", "pk": 1, "fields": {"name": "Елизавета Лапина", "profile_picture": "master1.png", "services": [3, 4, 5]}}, {"model": "beauty_city_app.specialist", "pk": 2, "fields": {"name": "Анна Сергеева", "profile_picture": "master2.png", "services": [1, 2]}}, {"model": "beauty_city_app.specialist", "pk": 3, "fields": {"name": "Мария Суворова", "profile_picture": "master4.png", "services": [6, 8]}}, {"model": "beauty_city_app.specialist", "pk": 4, "fields": {"name": "Мария Максимова", "profile_picture": "master5.png", "services": [7]}}, {"model": "beauty_city_app.specialist", "pk": 5, "fields": {"name": "Анастасия Сергеева", "profile_picture": "master6.png", "services": [6, 7]}}, {"model": "beauty_city_app.specialist", "pk": 6, "fields": {"name": "Ева Колесова", "profile_picture": "master3.png", "services": [6]}}, {"model": "beauty_city_app.timeslot", "pk": 1, "fields": {"specialist": 1, "date": "2024-02-01", "time": "11:00:00", "shop": 2}}, {"model": "beauty_city_app.timeslot", "pk": 2, "fields": {"specialist": 1, "date": "2024-02-01", "time": "13:00:00", "shop": 2}}, {"model": "beauty_city_app.timeslot", "pk": 3, "fields": {"specialist": 1, "date": "2024-02-01", "time": "14:00:00", "shop": 2}}, {"model": "beauty_city_app.timeslot", "pk": 4, "fields": {"specialist": 2, "date": "2024-02-01", "time": "10:00:00", "shop": 2}}, {"model": "beauty_city_app.timeslot", "pk": 5, "fields": {"specialist": 2, "date": "2024-02-01", "time": "11:00:00", "shop": 2}}, {"model": "beauty_city_app.timeslot", "pk": 6, "fields": {"specialist": 2, "date": "2024-02-01", "time": "12:00:00", "shop": 2}}, {"model": "beauty_city_app.timeslot", "pk": 7, "fields": {"specialist": 6, "date": "2024-02-03", "time": "11:00:00", "shop": 3}}, {"model": "beauty_city_app.timeslot", "pk": 8, "fields": {"specialist": 6, "date": "2024-02-03", "time": "15:00:00", "shop": 3}}, {"model": "beauty_city_app.timeslot", "pk": 9, "fields": {"specialist": 6, "date": "2024-02-03", "time": "17:00:00", "shop": 3}}, {"model": "beauty_city_app.timeslot", "pk": 10, "fields": {"specialist": 6, "date": "2024-02-03", "time": "18:00:00", "shop": 3}}, {"model": "beauty_city_app.timeslot", "pk": 11, "fields": {"specialist": 3, "date": "2024-02-03", "time": "11:00:00", "shop": 3}}, {"model": "beauty_city_app.timeslot", "pk": 12, "fields": {"specialist": 3, "date": "2024-02-03", "time": "12:00:00", "shop": 3}}, {"model": "beauty_city_app.timeslot", "pk": 13, "fields": {"specialist": 3, "date": "2024-02-03", "time": "13:00:00", "shop": 3}}, {"model": "beauty_city_app.timeslot", "pk": 14, "fields": {"specialist": 5, "date": "2024-02-04", "time": "10:00:00", "shop": 4}}, {"model": "beauty_city_app.timeslot", "pk": 15, "fields": {"specialist": 5, "date": "2024-02-04", "time": "11:00:00", "shop": 4}}, {"model": "beauty_city_app.timeslot", "pk": 16, "fields": {"specialist": 5, "date": "2024-02-04", "time": "12:00:00", "shop": 4}}, {"model": "beauty_city_app.timeslot", "pk": 17, "fields": {"specialist": 1, "date": "2024-02-04", "time": "14:00:00", "shop": 4}}, {"model": "beauty_city_app.timeslot", "pk": 18, "fields": {"specialist": 1, "date": "2024-02-04", "time": "16:00:00", "shop": 4}}, {"model": "beauty_city_app.timeslot", "pk": 19, "fields": {"specialist": 2, "date": "2024-02-05", "time": "11:00:00", "shop": 2}}, {"model": "beauty_city_app.timeslot", "pk": 20, "fields": {"specialist": 2, "date": "2024-02-05", "time": "14:00:00", "shop": 2}}, {"model": "beauty_city_app.timeslot", "pk": 21, "fields": {"specialist": 2, "date": "2024-02-04", "time": "17:00:00", "shop": 2}}, {"model": "beauty_city_app.timeslot", "pk": 22, "fields": {"specialist": 5, "date": "2024-02-05", "time": "12:00:00", "shop": 2}}, {"model": "beauty_city_app.timeslot", "pk": 23, "fields": {"specialist": 4, "date": "2024-02-05", "time": "13:00:00", "shop": 2}}, {"model": "beauty_city_app.timeslot", "pk": 24, "fields": {"specialist": 6, "date": "2024-02-05", "time": "18:00:00", "shop": 2}}, {"model": "beauty_city_app.timeslot", "pk": 25, "fields": {"specialist": 1, "date": "2024-02-06", "time": "10:00:00", "shop": 3}}, {"model": "beauty_city_app.timeslot", "pk": 26, "fields": {"specialist": 1, "date": "2024-02-06", "time": "14:00:00", "shop": 3}}, {"model": "beauty_city_app.timeslot", "pk": 27, "fields": {"specialist": 1, "date": "2024-02-06", "time": "17:00:00", "shop": 3}}, {"model": "beauty_city_app.timeslot", "pk": 28, "fields": {"specialist": 5, "date": "2024-02-06", "time": "12:00:00", "shop": 3}}, {"model": "beauty_city_app.timeslot", "pk": 29, "fields": {"specialist": 5, "date": "2024-02-06", "time": "13:00:00", "shop": 3}}, {"model": "beauty_city_app.timeslot", "pk": 30, "fields": {"specialist": 5, "date": "2024-02-06", "time": "14:00:00", "shop": 3}}, {"model": "beauty_city_app.timeslot", "pk": 31, "fields": {"specialist": 3, "date": "2024-02-09", "time": "10:00:00", "shop": 4}}, {"model": "beauty_city_app.timeslot", "pk": 32, "fields": {"specialist": 3, "date": "2024-02-09", "time": "17:00:00", "shop": 4}}, {"model": "beauty_city_app.timeslot", "pk": 33, "fields": {"specialist": 3, "date": "2024-02-09", "time": "18:00:00", "shop": 4}}, {"model": "beauty_city_app.timeslot", "pk": 34, "fields": {"specialist": 6, "date": "2024-02-09", "time": "12:00:00", "shop": 4}}, {"model": "beauty_city_app.timeslot", "pk": 35, "fields": {"specialist": 6, "date": "2024-02-09", "time": "15:00:00", "shop": 2}}, {"model": "beauty_city_app.timeslot", "pk": 36, "fields": {"specialist": 6, "date": "2024-02-09", "time": "16:00:00", "shop": 2}}, {"model": "beauty_city_app.timeslot", "pk": 37, "fields": {"specialist": 4, "date": "2024-02-09", "time": "10:00:00", "shop": 3}}]